<?xml version="1.0" encoding="UTF-8" ?>
<!DOCTYPE mapper PUBLIC "-//mybatis.org//DTD Mapper 3.0//EN" "http://mybatis.org/dtd/mybatis-3-mapper.dtd" >
<mapper namespace="com.sym.ams.dao.AmsOperatorChannelDao" >
  <resultMap id="BaseResultMap" type="com.sym.ams.domain.AmsOperatorChannel" >
    <id column="id" property="id" jdbcType="CHAR" />
    <result column="channel_id" property="channelId" jdbcType="VARCHAR" />
    <result column="chinese_desc" property="chineseDesc" jdbcType="VARCHAR" />
    <result column="supplier_id" property="supplierId" jdbcType="CHAR" />
    <result column="group_name" property="groupName" jdbcType="VARCHAR" />
    <result column="throw_flag" property="throwFlag" jdbcType="BIT" />
    <result column="paint_flag" property="paintFlag" jdbcType="BIT" />
    <result column="is_down" property="isDown" jdbcType="BIT" />
    <result column="create_name" property="createName" jdbcType="VARCHAR" />
    <result column="create_datetime" property="createDatetime" jdbcType="TIMESTAMP" />
    <result column="update_name" property="updateName" jdbcType="VARCHAR" />
    <result column="update_datetime" property="updateDatetime" jdbcType="TIMESTAMP" />
  </resultMap>
  <sql id="Example_Where_Clause" >
    <where >
      <foreach collection="oredCriteria" item="criteria" separator="or" >
        <if test="criteria.valid" >
          <trim prefix="(" suffix=")" prefixOverrides="and" >
            <foreach collection="criteria.criteria" item="criterion" >
              <choose >
                <when test="criterion.noValue" >
                  and ${criterion.condition}
                </when>
                <when test="criterion.singleValue" >
                  and ${criterion.condition} #{criterion.value}
                </when>
                <when test="criterion.betweenValue" >
                  and ${criterion.condition} #{criterion.value} and #{criterion.secondValue}
                </when>
                <when test="criterion.listValue" >
                  and ${criterion.condition}
                  <foreach collection="criterion.value" item="listItem" open="(" close=")" separator="," >
                    #{listItem}
                  </foreach>
                </when>
              </choose>
            </foreach>
          </trim>
        </if>
      </foreach>
    </where>
  </sql>
  <sql id="Update_By_Example_Where_Clause" >
    <where >
      <foreach collection="example.oredCriteria" item="criteria" separator="or" >
        <if test="criteria.valid" >
          <trim prefix="(" suffix=")" prefixOverrides="and" >
            <foreach collection="criteria.criteria" item="criterion" >
              <choose >
                <when test="criterion.noValue" >
                  and ${criterion.condition}
                </when>
                <when test="criterion.singleValue" >
                  and ${criterion.condition} #{criterion.value}
                </when>
                <when test="criterion.betweenValue" >
                  and ${criterion.condition} #{criterion.value} and #{criterion.secondValue}
                </when>
                <when test="criterion.listValue" >
                  and ${criterion.condition}
                  <foreach collection="criterion.value" item="listItem" open="(" close=")" separator="," >
                    #{listItem}
                  </foreach>
                </when>
              </choose>
            </foreach>
          </trim>
        </if>
      </foreach>
    </where>
  </sql>
  <sql id="Base_Column_List" >
    id, channel_id, chinese_desc, supplier_id, group_name, throw_flag, paint_flag, is_down, 
    create_name, create_datetime, update_name, update_datetime
  </sql>
  <select id="selectByCriteria" resultMap="BaseResultMap" parameterType="com.sym.ams.domain.AmsOperatorChannelCriteria" >
    select
    <if test="distinct" >
      distinct
    </if>
    <include refid="Base_Column_List" />
    from ams_operator_channel
    <if test="_parameter != null" >
      <include refid="Example_Where_Clause" />
    </if>
    <if test="orderByClause != null" >
      order by ${orderByClause}
    </if>
    <if test="limitStart >= 0" >
      limit ${limitStart},${pageSize}
    </if>
  </select>
  <select id="selectByPrimaryKey" resultMap="BaseResultMap" parameterType="java.lang.String" >
    select 
    <include refid="Base_Column_List" />
    from ams_operator_channel
    where id = #{id,jdbcType=CHAR}
  </select>
  <delete id="deleteByPrimaryKey" parameterType="java.lang.String" >
    delete from ams_operator_channel
    where id = #{id,jdbcType=CHAR}
  </delete>
  <delete id="deleteByCriteria" parameterType="com.sym.ams.domain.AmsOperatorChannelCriteria" >
    delete from ams_operator_channel
    <if test="_parameter != null" >
      <include refid="Example_Where_Clause" />
    </if>
  </delete>
  <insert id="insert" parameterType="com.sym.ams.domain.AmsOperatorChannel" >
    insert into ams_operator_channel (id, channel_id, chinese_desc, 
      supplier_id, group_name, throw_flag, 
      paint_flag, is_down, create_name, 
      create_datetime, update_name, update_datetime
      )
    values (#{id,jdbcType=CHAR}, #{channelId,jdbcType=VARCHAR}, #{chineseDesc,jdbcType=VARCHAR}, 
      #{supplierId,jdbcType=CHAR}, #{groupName,jdbcType=VARCHAR}, #{throwFlag,jdbcType=BIT}, 
      #{paintFlag,jdbcType=BIT}, #{isDown,jdbcType=BIT}, #{createName,jdbcType=VARCHAR}, 
      #{createDatetime,jdbcType=TIMESTAMP}, #{updateName,jdbcType=VARCHAR}, #{updateDatetime,jdbcType=TIMESTAMP}
      )
  </insert>
  <insert id="insertSelective" parameterType="com.sym.ams.domain.AmsOperatorChannel" >
    insert into ams_operator_channel
    <trim prefix="(" suffix=")" suffixOverrides="," >
      <if test="id != null" >
        id,
      </if>
      <if test="channelId != null" >
        channel_id,
      </if>
      <if test="chineseDesc != null" >
        chinese_desc,
      </if>
      <if test="supplierId != null" >
        supplier_id,
      </if>
      <if test="groupName != null" >
        group_name,
      </if>
      <if test="throwFlag != null" >
        throw_flag,
      </if>
      <if test="paintFlag != null" >
        paint_flag,
      </if>
      <if test="isDown != null" >
        is_down,
      </if>
      <if test="createName != null" >
        create_name,
      </if>
      <if test="createDatetime != null" >
        create_datetime,
      </if>
      <if test="updateName != null" >
        update_name,
      </if>
      <if test="updateDatetime != null" >
        update_datetime,
      </if>
    </trim>
    <trim prefix="values (" suffix=")" suffixOverrides="," >
      <if test="id != null" >
        #{id,jdbcType=CHAR},
      </if>
      <if test="channelId != null" >
        #{channelId,jdbcType=VARCHAR},
      </if>
      <if test="chineseDesc != null" >
        #{chineseDesc,jdbcType=VARCHAR},
      </if>
      <if test="supplierId != null" >
        #{supplierId,jdbcType=CHAR},
      </if>
      <if test="groupName != null" >
        #{groupName,jdbcType=VARCHAR},
      </if>
      <if test="throwFlag != null" >
        #{throwFlag,jdbcType=BIT},
      </if>
      <if test="paintFlag != null" >
        #{paintFlag,jdbcType=BIT},
      </if>
      <if test="isDown != null" >
        #{isDown,jdbcType=BIT},
      </if>
      <if test="createName != null" >
        #{createName,jdbcType=VARCHAR},
      </if>
      <if test="createDatetime != null" >
        #{createDatetime,jdbcType=TIMESTAMP},
      </if>
      <if test="updateName != null" >
        #{updateName,jdbcType=VARCHAR},
      </if>
      <if test="updateDatetime != null" >
        #{updateDatetime,jdbcType=TIMESTAMP},
      </if>
    </trim>
  </insert>
  <select id="countByCriteria" parameterType="com.sym.ams.domain.AmsOperatorChannelCriteria" resultType="java.lang.Integer" >
    select count(1) from ams_operator_channel
    <if test="_parameter != null" >
      <include refid="Example_Where_Clause" />
    </if>
  </select>
  <update id="updateByCriteriaSelective" parameterType="map" >
    update ams_operator_channel
    <set >
      <if test="record.id != null" >
        id = #{record.id,jdbcType=CHAR},
      </if>
      <if test="record.channelId != null" >
        channel_id = #{record.channelId,jdbcType=VARCHAR},
      </if>
      <if test="record.chineseDesc != null" >
        chinese_desc = #{record.chineseDesc,jdbcType=VARCHAR},
      </if>
      <if test="record.supplierId != null" >
        supplier_id = #{record.supplierId,jdbcType=CHAR},
      </if>
      <if test="record.groupName != null" >
        group_name = #{record.groupName,jdbcType=VARCHAR},
      </if>
      <if test="record.throwFlag != null" >
        throw_flag = #{record.throwFlag,jdbcType=BIT},
      </if>
      <if test="record.paintFlag != null" >
        paint_flag = #{record.paintFlag,jdbcType=BIT},
      </if>
      <if test="record.isDown != null" >
        is_down = #{record.isDown,jdbcType=BIT},
      </if>
      <if test="record.createName != null" >
        create_name = #{record.createName,jdbcType=VARCHAR},
      </if>
      <if test="record.createDatetime != null" >
        create_datetime = #{record.createDatetime,jdbcType=TIMESTAMP},
      </if>
      <if test="record.updateName != null" >
        update_name = #{record.updateName,jdbcType=VARCHAR},
      </if>
      <if test="record.updateDatetime != null" >
        update_datetime = #{record.updateDatetime,jdbcType=TIMESTAMP},
      </if>
    </set>
    <if test="_parameter != null" >
      <include refid="Update_By_Example_Where_Clause" />
    </if>
  </update>
  <update id="updateByCriteria" parameterType="map" >
    update ams_operator_channel
    set id = #{record.id,jdbcType=CHAR},
      channel_id = #{record.channelId,jdbcType=VARCHAR},
      chinese_desc = #{record.chineseDesc,jdbcType=VARCHAR},
      supplier_id = #{record.supplierId,jdbcType=CHAR},
      group_name = #{record.groupName,jdbcType=VARCHAR},
      throw_flag = #{record.throwFlag,jdbcType=BIT},
      paint_flag = #{record.paintFlag,jdbcType=BIT},
      is_down = #{record.isDown,jdbcType=BIT},
      create_name = #{record.createName,jdbcType=VARCHAR},
      create_datetime = #{record.createDatetime,jdbcType=TIMESTAMP},
      update_name = #{record.updateName,jdbcType=VARCHAR},
      update_datetime = #{record.updateDatetime,jdbcType=TIMESTAMP}
    <if test="_parameter != null" >
      <include refid="Update_By_Example_Where_Clause" />
    </if>
  </update>
  <update id="updateByPrimaryKeySelective" parameterType="com.sym.ams.domain.AmsOperatorChannel" >
    update ams_operator_channel
    <set >
      <if test="channelId != null" >
        channel_id = #{channelId,jdbcType=VARCHAR},
      </if>
      <if test="chineseDesc != null" >
        chinese_desc = #{chineseDesc,jdbcType=VARCHAR},
      </if>
      <if test="supplierId != null" >
        supplier_id = #{supplierId,jdbcType=CHAR},
      </if>
      <if test="groupName != null" >
        group_name = #{groupName,jdbcType=VARCHAR},
      </if>
      <if test="throwFlag != null" >
        throw_flag = #{throwFlag,jdbcType=BIT},
      </if>
      <if test="paintFlag != null" >
        paint_flag = #{paintFlag,jdbcType=BIT},
      </if>
      <if test="isDown != null" >
        is_down = #{isDown,jdbcType=BIT},
      </if>
      <if test="createName != null" >
        create_name = #{createName,jdbcType=VARCHAR},
      </if>
      <if test="createDatetime != null" >
        create_datetime = #{createDatetime,jdbcType=TIMESTAMP},
      </if>
      <if test="updateName != null" >
        update_name = #{updateName,jdbcType=VARCHAR},
      </if>
      <if test="updateDatetime != null" >
        update_datetime = #{updateDatetime,jdbcType=TIMESTAMP},
      </if>
    </set>
    where id = #{id,jdbcType=CHAR}
  </update>
  <update id="updateByPrimaryKey" parameterType="com.sym.ams.domain.AmsOperatorChannel" >
    update ams_operator_channel
    set channel_id = #{channelId,jdbcType=VARCHAR},
      chinese_desc = #{chineseDesc,jdbcType=VARCHAR},
      supplier_id = #{supplierId,jdbcType=CHAR},
      group_name = #{groupName,jdbcType=VARCHAR},
      throw_flag = #{throwFlag,jdbcType=BIT},
      paint_flag = #{paintFlag,jdbcType=BIT},
      is_down = #{isDown,jdbcType=BIT},
      create_name = #{createName,jdbcType=VARCHAR},
      create_datetime = #{createDatetime,jdbcType=TIMESTAMP},
      update_name = #{updateName,jdbcType=VARCHAR},
      update_datetime = #{updateDatetime,jdbcType=TIMESTAMP}
    where id = #{id,jdbcType=CHAR}
  </update>
</mapper>