<?xml version="1.0" encoding="UTF-8" ?>
<!DOCTYPE mapper PUBLIC "-//mybatis.org//DTD Mapper 3.0//EN" "http://mybatis.org/dtd/mybatis-3-mapper.dtd" >
<mapper namespace="com.sym.ams.dao.AmsOperatorActivityDao" >
  <resultMap id="BaseResultMap" type="com.sym.ams.domain.AmsOperatorActivity" >
    <id column="id" property="id" jdbcType="CHAR" />
    <result column="activity_id" property="activityId" jdbcType="VARCHAR" />
    <result column="activity_desc" property="activityDesc" jdbcType="VARCHAR" />
    <result column="operator" property="operator" jdbcType="VARCHAR" />
    <result column="is_down" property="isDown" jdbcType="BIT" />
    <result column="activity_cost" property="activityCost" jdbcType="DECIMAL" />
    <result column="activity_remark" property="activityRemark" jdbcType="VARCHAR" />
    <result column="create_name" property="createName" jdbcType="VARCHAR" />
    <result column="create_datetime" property="createDatetime" jdbcType="TIMESTAMP" />
    <result column="update_name" property="updateName" jdbcType="VARCHAR" />
    <result column="update_datetime" property="updateDatetime" jdbcType="TIMESTAMP" />
  </resultMap>
  <sql id="Example_Where_Clause" >
    <where >
      <foreach collection="oredCriteria" item="criteria" separator="or" >
        <if test="criteria.valid" >
          <trim prefix="(" suffix=")" prefixOverrides="and" >
            <foreach collection="criteria.criteria" item="criterion" >
              <choose >
                <when test="criterion.noValue" >
                  and ${criterion.condition}
                </when>
                <when test="criterion.singleValue" >
                  and ${criterion.condition} #{criterion.value}
                </when>
                <when test="criterion.betweenValue" >
                  and ${criterion.condition} #{criterion.value} and #{criterion.secondValue}
                </when>
                <when test="criterion.listValue" >
                  and ${criterion.condition}
                  <foreach collection="criterion.value" item="listItem" open="(" close=")" separator="," >
                    #{listItem}
                  </foreach>
                </when>
              </choose>
            </foreach>
          </trim>
        </if>
      </foreach>
    </where>
  </sql>
  <sql id="Update_By_Example_Where_Clause" >
    <where >
      <foreach collection="example.oredCriteria" item="criteria" separator="or" >
        <if test="criteria.valid" >
          <trim prefix="(" suffix=")" prefixOverrides="and" >
            <foreach collection="criteria.criteria" item="criterion" >
              <choose >
                <when test="criterion.noValue" >
                  and ${criterion.condition}
                </when>
                <when test="criterion.singleValue" >
                  and ${criterion.condition} #{criterion.value}
                </when>
                <when test="criterion.betweenValue" >
                  and ${criterion.condition} #{criterion.value} and #{criterion.secondValue}
                </when>
                <when test="criterion.listValue" >
                  and ${criterion.condition}
                  <foreach collection="criterion.value" item="listItem" open="(" close=")" separator="," >
                    #{listItem}
                  </foreach>
                </when>
              </choose>
            </foreach>
          </trim>
        </if>
      </foreach>
    </where>
  </sql>
  <sql id="Base_Column_List" >
    id, activity_id, activity_desc, operator, is_down, activity_cost, activity_remark, 
    create_name, create_datetime, update_name, update_datetime
  </sql>
  <select id="selectByCriteria" resultMap="BaseResultMap" parameterType="com.sym.ams.domain.AmsOperatorActivityCriteria" >
    select
    <if test="distinct" >
      distinct
    </if>
    <include refid="Base_Column_List" />
    from ams_operator_activity
    <if test="_parameter != null" >
      <include refid="Example_Where_Clause" />
    </if>
    <if test="orderByClause != null" >
      order by ${orderByClause}
    </if>
    <if test="limitStart >= 0" >
      limit ${limitStart},${pageSize}
    </if>
  </select>
  <select id="selectByPrimaryKey" resultMap="BaseResultMap" parameterType="java.lang.String" >
    select 
    <include refid="Base_Column_List" />
    from ams_operator_activity
    where id = #{id,jdbcType=CHAR}
  </select>
  <delete id="deleteByPrimaryKey" parameterType="java.lang.String" >
    delete from ams_operator_activity
    where id = #{id,jdbcType=CHAR}
  </delete>
  <delete id="deleteByCriteria" parameterType="com.sym.ams.domain.AmsOperatorActivityCriteria" >
    delete from ams_operator_activity
    <if test="_parameter != null" >
      <include refid="Example_Where_Clause" />
    </if>
  </delete>
  <insert id="insert" parameterType="com.sym.ams.domain.AmsOperatorActivity" >
    insert into ams_operator_activity (id, activity_id, activity_desc, 
      operator, is_down, activity_cost, 
      activity_remark, create_name, create_datetime, 
      update_name, update_datetime)
    values (#{id,jdbcType=CHAR}, #{activityId,jdbcType=VARCHAR}, #{activityDesc,jdbcType=VARCHAR}, 
      #{operator,jdbcType=VARCHAR}, #{isDown,jdbcType=BIT}, #{activityCost,jdbcType=DECIMAL}, 
      #{activityRemark,jdbcType=VARCHAR}, #{createName,jdbcType=VARCHAR}, #{createDatetime,jdbcType=TIMESTAMP}, 
      #{updateName,jdbcType=VARCHAR}, #{updateDatetime,jdbcType=TIMESTAMP})
  </insert>
  <insert id="insertSelective" parameterType="com.sym.ams.domain.AmsOperatorActivity" >
    insert into ams_operator_activity
    <trim prefix="(" suffix=")" suffixOverrides="," >
      <if test="id != null" >
        id,
      </if>
      <if test="activityId != null" >
        activity_id,
      </if>
      <if test="activityDesc != null" >
        activity_desc,
      </if>
      <if test="operator != null" >
        operator,
      </if>
      <if test="isDown != null" >
        is_down,
      </if>
      <if test="activityCost != null" >
        activity_cost,
      </if>
      <if test="activityRemark != null" >
        activity_remark,
      </if>
      <if test="createName != null" >
        create_name,
      </if>
      <if test="createDatetime != null" >
        create_datetime,
      </if>
      <if test="updateName != null" >
        update_name,
      </if>
      <if test="updateDatetime != null" >
        update_datetime,
      </if>
    </trim>
    <trim prefix="values (" suffix=")" suffixOverrides="," >
      <if test="id != null" >
        #{id,jdbcType=CHAR},
      </if>
      <if test="activityId != null" >
        #{activityId,jdbcType=VARCHAR},
      </if>
      <if test="activityDesc != null" >
        #{activityDesc,jdbcType=VARCHAR},
      </if>
      <if test="operator != null" >
        #{operator,jdbcType=VARCHAR},
      </if>
      <if test="isDown != null" >
        #{isDown,jdbcType=BIT},
      </if>
      <if test="activityCost != null" >
        #{activityCost,jdbcType=DECIMAL},
      </if>
      <if test="activityRemark != null" >
        #{activityRemark,jdbcType=VARCHAR},
      </if>
      <if test="createName != null" >
        #{createName,jdbcType=VARCHAR},
      </if>
      <if test="createDatetime != null" >
        #{createDatetime,jdbcType=TIMESTAMP},
      </if>
      <if test="updateName != null" >
        #{updateName,jdbcType=VARCHAR},
      </if>
      <if test="updateDatetime != null" >
        #{updateDatetime,jdbcType=TIMESTAMP},
      </if>
    </trim>
  </insert>
  <select id="countByCriteria" parameterType="com.sym.ams.domain.AmsOperatorActivityCriteria" resultType="java.lang.Integer" >
    select count(1) from ams_operator_activity
    <if test="_parameter != null" >
      <include refid="Example_Where_Clause" />
    </if>
  </select>
  <update id="updateByCriteriaSelective" parameterType="map" >
    update ams_operator_activity
    <set >
      <if test="record.id != null" >
        id = #{record.id,jdbcType=CHAR},
      </if>
      <if test="record.activityId != null" >
        activity_id = #{record.activityId,jdbcType=VARCHAR},
      </if>
      <if test="record.activityDesc != null" >
        activity_desc = #{record.activityDesc,jdbcType=VARCHAR},
      </if>
      <if test="record.operator != null" >
        operator = #{record.operator,jdbcType=VARCHAR},
      </if>
      <if test="record.isDown != null" >
        is_down = #{record.isDown,jdbcType=BIT},
      </if>
      <if test="record.activityCost != null" >
        activity_cost = #{record.activityCost,jdbcType=DECIMAL},
      </if>
      <if test="record.activityRemark != null" >
        activity_remark = #{record.activityRemark,jdbcType=VARCHAR},
      </if>
      <if test="record.createName != null" >
        create_name = #{record.createName,jdbcType=VARCHAR},
      </if>
      <if test="record.createDatetime != null" >
        create_datetime = #{record.createDatetime,jdbcType=TIMESTAMP},
      </if>
      <if test="record.updateName != null" >
        update_name = #{record.updateName,jdbcType=VARCHAR},
      </if>
      <if test="record.updateDatetime != null" >
        update_datetime = #{record.updateDatetime,jdbcType=TIMESTAMP},
      </if>
    </set>
    <if test="_parameter != null" >
      <include refid="Update_By_Example_Where_Clause" />
    </if>
  </update>
  <update id="updateByCriteria" parameterType="map" >
    update ams_operator_activity
    set id = #{record.id,jdbcType=CHAR},
      activity_id = #{record.activityId,jdbcType=VARCHAR},
      activity_desc = #{record.activityDesc,jdbcType=VARCHAR},
      operator = #{record.operator,jdbcType=VARCHAR},
      is_down = #{record.isDown,jdbcType=BIT},
      activity_cost = #{record.activityCost,jdbcType=DECIMAL},
      activity_remark = #{record.activityRemark,jdbcType=VARCHAR},
      create_name = #{record.createName,jdbcType=VARCHAR},
      create_datetime = #{record.createDatetime,jdbcType=TIMESTAMP},
      update_name = #{record.updateName,jdbcType=VARCHAR},
      update_datetime = #{record.updateDatetime,jdbcType=TIMESTAMP}
    <if test="_parameter != null" >
      <include refid="Update_By_Example_Where_Clause" />
    </if>
  </update>
  <update id="updateByPrimaryKeySelective" parameterType="com.sym.ams.domain.AmsOperatorActivity" >
    update ams_operator_activity
    <set >
      <if test="activityId != null" >
        activity_id = #{activityId,jdbcType=VARCHAR},
      </if>
      <if test="activityDesc != null" >
        activity_desc = #{activityDesc,jdbcType=VARCHAR},
      </if>
      <if test="operator != null" >
        operator = #{operator,jdbcType=VARCHAR},
      </if>
      <if test="isDown != null" >
        is_down = #{isDown,jdbcType=BIT},
      </if>
      <if test="activityCost != null" >
        activity_cost = #{activityCost,jdbcType=DECIMAL},
      </if>
      <if test="activityRemark != null" >
        activity_remark = #{activityRemark,jdbcType=VARCHAR},
      </if>
      <if test="createName != null" >
        create_name = #{createName,jdbcType=VARCHAR},
      </if>
      <if test="createDatetime != null" >
        create_datetime = #{createDatetime,jdbcType=TIMESTAMP},
      </if>
      <if test="updateName != null" >
        update_name = #{updateName,jdbcType=VARCHAR},
      </if>
      <if test="updateDatetime != null" >
        update_datetime = #{updateDatetime,jdbcType=TIMESTAMP},
      </if>
    </set>
    where id = #{id,jdbcType=CHAR}
  </update>
  <update id="updateByPrimaryKey" parameterType="com.sym.ams.domain.AmsOperatorActivity" >
    update ams_operator_activity
    set activity_id = #{activityId,jdbcType=VARCHAR},
      activity_desc = #{activityDesc,jdbcType=VARCHAR},
      operator = #{operator,jdbcType=VARCHAR},
      is_down = #{isDown,jdbcType=BIT},
      activity_cost = #{activityCost,jdbcType=DECIMAL},
      activity_remark = #{activityRemark,jdbcType=VARCHAR},
      create_name = #{createName,jdbcType=VARCHAR},
      create_datetime = #{createDatetime,jdbcType=TIMESTAMP},
      update_name = #{updateName,jdbcType=VARCHAR},
      update_datetime = #{updateDatetime,jdbcType=TIMESTAMP}
    where id = #{id,jdbcType=CHAR}
  </update>
</mapper>