<?xml version="1.0" encoding="UTF-8"?>
<configuration>
	<appender name="console" class="ch.qos.logback.core.ConsoleAppender">
		<encoder>
			<pattern>%date{yyyy-MM-dd HH:mm:ss.SSS} [%thread] %-5level %logger{36} - %msg%n</pattern>
		</encoder>
	</appender>

	<appender name="rollingFile" class="ch.qos.logback.core.rolling.RollingFileAppender">
		<file>/data/logs/super-easyui/super-easyui.log.tmp</file>
		<rollingPolicy class="ch.qos.logback.core.rolling.TimeBasedRollingPolicy">
			<fileNamePattern>/data/logs/super-easyui/super-easyui-%d{yyyy-MM-dd_HH}.%i.log</fileNamePattern>
			<!-- keep 5 days' worth of history <maxHistory>50</maxHistory> -->
			<timeBasedFileNamingAndTriggeringPolicy class="ch.qos.logback.core.rolling.SizeAndTimeBasedFNATP">
				<!-- or whenever the file size reaches 100MB -->
				<maxFileSize>100MB</maxFileSize>
			</timeBasedFileNamingAndTriggeringPolicy>
		</rollingPolicy>
		<encoder>
			<pattern>%date{yyyy-MM-dd HH:mm:ss.SSS} [%thread] %-5level %logger{36} - %msg%n</pattern>
		</encoder>
	</appender>

	<!-- project default level -->
	<logger name="com.sym.ams" level="INFO" />
	<root level="INFO">
		<appender-ref ref="console" />
		<appender-ref ref="rollingFile" />
	</root>
</configuration>
